{"cameraMode":{"drawMode":0,"name":"Shaded","section":"Shading Mode"},"sceneLighting":true,"audioPlay":false,"sceneViewState":{"showFog":true,"showMaterialUpdate":false,"showSkybox":true,"showFlares":true,"showImageEffects":true,"showParticleSystems":true},"in2DMode":false,"pivot":{"x":6.000265598297119,"y":19.797576904296876,"z":48.785552978515628},"rotation":{"x":0.1518811732530594,"y":-0.052756212651729587,"z":-0.008118979632854462,"w":-0.9869582056999207},"size":32.699562072753909,"orthographic":false}